T [ms],AccX [mg],AccY [mg],AccZ [mg],GyroX [mdps],GyroY [mdps],GyroZ [mdps]
206597, 297, 774, -44, -515970, -351260, 211050
206617, 747, 1215, -265, -268450, -632170, 280490
206637, 420, 747, -98, -168140, -633500, 290850
206657, 383, 391, -136, -137480, -493080, 265580
206677, 584, 627, -193, 28560, -434630, 196420
206697, 673, 885, -157, 155890, -280350, 15890
206717, 556, 653, -150, 218190, -52850, -65450
206737, 515, 731, -120, 276570, 163800, -91910
206757, 524, 884, -83, 339150, 336980, -171360
206777, 477, 858, -19, 369110, 462770, -206640
206797, 488, 911, 38, 371210, 517510, -230020
206817, 500, 914, 107, 351890, 495950, -266490
206837, 640, 1341, 332, 299600, 418740, -271180
206857, 675, 1139, 529, 177170, 186130, -356440
206877, 737, 1010, 7, -53620, -165410, -182490
206897, 571, 958, 13, -286580, -346010, 22820
206917, 471, 886, 2, -413070, -284340, 59220
206937, 621, 1011, -99, -378840, -344820, 119140
206957, 514, 873, -68, -306530, -390600, 183050
206977, 537, 725, -103, -256060, -358120, 206010
206997, 570, 780, -91, -156520, -331240, 214830
207017, 569, 701, -107, -65520, -254380, 140140
207037, 542, 687, -87, 17850, -153440, 80710
207057, 568, 749, -79, 88690, -30240, 2870
207077, 576, 807, -59, 155960, 84000, -49000
207097, 643, 976, -54, 207200, 187600, -92260
207117, 635, 1006, -23, 249270, 262990, -132650
207137, 584, 937, -12, 263480, 322980, -145320
207157, 598, 557, 52, 269640, 350910, -137410
207177, 615, 1265, 345, 274610, 361550, -132020
207197, 663, 981, 284, 208040, 261590, -170380
207217, 698, 889, -5, 48230, -490, -32130
207237, 567, 809, 30, -103880, -131180, 75250
207257, 622, 906, -29, -162400, -68460, 92750
207277, 604, 902, -9, -140420, -59360, 89390
207297, 551, 803, -11, -128100, -53620, 105700
207317, 511, 730, 0, -125300, -39410, 108290
207337, 511, 750, 8, -113260, -36960, 96180
207357, 555, 813, 0, -92120, -49210, 59500
207377, 592, 848, -14, -60690, -75110, 25970
207397, 593, 832, -16, -34300, -83580, -16450
207417, 632, 900, -26, -12530, -70350, -58100
207437, 553, 762, 2, 16240, -51660, -90860
207457, 1656, -1515, 1057, 31010, -18690, -101640
207477, 907, 1033, -15, 56280, -2170, -116270
207497, 536, 819, 65, 56490, -29540, -70000
207517, 585, 716, -45, -8610, 39410, 32130
207537, 571, 839, 17, 17080, 39970, 61320
207557, 571, 779, 6, 33460, 69790, 20440
207577, 595, 878, 20, 43820, 94850, 20160
207597, 555, 801, 36, 47810, 107100, -1330
207617, 567, 810, 29, 55370, 94360, -11130
207637, 528, 686, 113, 61530, 73220, -23800
207657, 629, 867, 86, 59780, 53690, -36400
207677, 649, 869, 57, 42770, 10710, -46410
207697, 611, 821, 56, 8750, -16660, -23100
207717, 594, 828, 40, -11060, -6790, -4480
207737, 570, 820, 40, -17640, 8120, 11340
207757, 561, 806, 34, -18970, 11060, 21560
207777, 543, 777, 38, -13720, -2870, 22120
207797, 560, 803, 32, -15050, -15750, 20720
207817, 543, 755, 38, -14840, -30940, 16240
207837, 561, 793, 29, -14420, -42910, 8680
207857, 576, 822, 24, -7070, -53760, -16660
207877, 601, 844, 10, 12110, -52500, -33670
207897, 601, 842, 14, 4480, -21140, -13300
207917, 600, 839, 15, 140, 12390, 210
207937, 591, 832, 21, 4060, 39060, 7840
207957, 581, 816, 26, 15470, 56210, 10500
207977, 572, 797, 26, 35910, 62230, 3360
207997, 582, 815, 16, 58100, 64820, -16170
208017, 581, 825, 13, 67410, 80360, -24150
208037, 577, 825, 19, 62720, 109410, -9310
208057, 566, 809, 31, 59640, 133210, 12810
208077, 570, 814, 31, 69930, 139160, 19320
208097, 583, 833, 28, 89390, 133210, 6300
208117, 587, 847, 25, 103810, 131530, -7000
208137, 582, 845, 23, 108080, 138320, -11760
208157, 571, 827, 23, 103110, 152390, -5110
208177, 558, 811, 30, 94290, 167650, 8260
208197, 549, 799, 41, 88550, 177030, 19810
208217, 558, 810, 44, 95900, 168210, 19670
208237, 582, 845, 35, 113470, 145040, 6790
208257, 603, 875, 26, 121590, 130830, -4550
208277, 609, 889, 27, 109690, 138320, -7000
208297, 589, 873, 41, 88060, 155470, -1750
208317, 567, 843, 50, 74550, 159600, 8680
208337, 544, 803, 54, 74760, 143220, 22820
208357, 541, 775, 48, 81760, 116200, 32270
208377, 544, 770, 39, 84350, 93870, 28070
208397, 554, 788, 39, 74900, 86450, 11900
208417, 559, 810, 49, 54950, 90510, -5530
208437, 565, 827, 54, 35700, 90720, -12180
208457, 569, 841, 62, 26600, 75250, -5110
208477, 587, 856, 55, 27160, 47950, 9450
208497, 603, 866, 45, 31360, 18760, 18900
208517, 605, 866, 40, 26250, 2730, 14840
208537, 581, 836, 46, 6370, 4200, 6440
208557, 548, 792, 57, -17920, 10500, 6300
208577, 535, 777, 60, -28140, -980, 7840
208597, 545, 786, 49, -22610, -31010, 7350
208617, 557, 794, 41, -17290, -59220, 10780
208637, 574, 813, 40, -25830, -69720, 14420
208657, 593, 847, 39, -42700, -68040, 8610
208677, 608, 887, 43, -55300, -66430, -7490
208697, 613, 908, 49, -62580, -68880, -19180
208717, 607, 896, 48, -62650, -80150, -10570
208737, 601, 865, 31, -51800, -102200, 10990
208757, 590, 832, 24, -45850, -114170, 25410
208777, 562, 799, 34, -58450, -101360, 24990
208797, 543, 774, 41, -74130, -83300, 16380
208817, 546, 780, 42, -75180, -82530, 6090
208837, 562, 804, 33, -64330, -95550, -4690
208857, 583, 836, 30, -52290, -107590, -12880
208877, 594, 852, 25, -45150, -110250, -13510
208897, 594, 844, 23, -45150, -102900, -4620
208917, 583, 819, 26, -51520, -86520, 8610
208937, 563, 791, 34, -56840, -68530, 14140
208957, 554, 780, 38, -52990, -59080, 7350
208977, 559, 785, 29, -37170, -63560, -5250
208997, 565, 790, 23, -20090, -70000, -11760
209017, 571, 793, 20, -14700, -62300, -9870
209037, 572, 802, 28, -20580, -40110, -4900
209057, 586, 825, 29, -24710, -18550, -3500
209077, 602, 854, 33, -18200, -9030, -6580
209097, 622, 882, 27, -4480, -7910, -10360
209117, 630, 900, 22, 10710, -8050, -15750
209137, 622, 888, 20, 19600, -280, -18480
209157, 597, 849, 25, 18340, 18340, -10150
209177, 563, 794, 34, 12740, 40460, 6580
209197, 541, 758, 36, 13720, 53060, 18760
209217, 542, 755, 33, 24920, 52150, 15750
209237, 555, 774, 29, 39480, 45570, 3010
209257, 586, 830, 22, 47740, 45360, -10640
209277, 606, 870, 29, 47320, 54110, -21350
209297, 610, 887, 36, 41230, 69090, -22540
209317, 592, 861, 41, 37170, 80500, -12460
209337, 575, 823, 38, 39340, 82250, 5950
209357, 570, 804, 35, 48090, 73920, 19670
209377, 572, 806, 31, 55720, 65380, 18060
209397, 576, 822, 35, 55160, 66010, 2870
209417, 571, 825, 44, 47390, 73430, -12740
209437, 572, 827, 46, 39830, 77560, -14910
209457, 571, 824, 43, 40180, 69720, -7490
209477, 570, 814, 40, 43610, 56840, 3290
209497, 562, 798, 43, 42140, 49000, 12950
209517, 557, 792, 43, 34790, 46690, 16310
209537, 561, 797, 43, 27160, 43890, 9800
209557, 564, 812, 48, 20930, 39200, -3220
209577, 580, 842, 49, 14980, 33670, -12040
209597, 598, 865, 44, 12670, 22680, -10220
209617, 607, 871, 38, 13580, 7700, -630
209637, 598, 857, 40, 10710, -1540, 8050
209657, 583, 834, 47, -490, 350, 11550
209677, 570, 820, 47, -11410, 2380, 8610
209697, 565, 812, 43, -13230, -6230, 980
209717, 563, 805, 42, -15330, -26180, 6860
209737, 562, 804, 43, -19880, -31430, 13440
209757, 570, 809, 37, -22260, -37520, 13090
209777, 573, 817, 36, -26810, -39550, 7630
209797, 571, 817, 42, -33880, -37520, 2660
209817, 568, 818, 44, -34440, -41860, -1540
209837, 575, 823, 39, -28070, -53060, -1610
209857, 578, 826, 34, -26390, -57610, 5810
209877, 579, 823, 35, -30940, -53410, 13790
209897, 581, 825, 36, -33250, -49630, 13230
209917, 584, 829, 37, -31780, -48650, 5460
209937, 585, 832, 37, -29960, -47250, -1960
209957, 584, 833, 35, -26600, -46830, -3010
209977, 587, 836, 31, -20790, -48300, 1540
209997, 588, 835, 27, -17150, -46130, 7770
210017, 579, 815, 30, -18340, -37100, 13090
210037, 562, 789, 33, -20020, -27090, 15400
210057, 554, 776, 36, -16870, -23240, 11900
210077, 556, 780, 32, -10080, -23660, 3150
210097, 564, 793, 31, -4970, -21630, -4550
210117, 574, 814, 32, -3360, -15540, -5110
210137, 593, 839, 31, -1890, -9100, 0
210157, 604, 855, 30, 1330, -3920, 3010
210177, 602, 858, 32, 4620, 2310, 490
210197, 594, 843, 34, 7560, 8540, -1050
210217, 583, 829, 33, 12250, 12040, 1750
210237, 575, 811, 31, 17010, 14700, 5110
210257, 562, 796, 34, 17640, 21770, 6300
210277, 560, 791, 35, 17430, 28840, 5110
210297, 565, 796, 37, 20510, 30800, 2310
210317, 572, 811, 34, 25690, 29120, -2870
210337, 583, 826, 33, 28140, 30450, -7980
210357, 580, 830, 39, 27090, 35140, -8470
210377, 577, 825, 37, 26950, 37520, -4690
210397, 570, 811, 35, 28280, 36610, 1680
210417, 569, 808, 39, 26390, 38710, 7700
210437, 580, 828, 39, 24990, 39620, 4410
210457, 598, 859, 38, 28490, 34580, -6720
210477, 612, 881, 36, 31850, 29330, -14490
210497, 607, 878, 40, 29260, 29960, -13230
210517, 599, 865, 39, 25900, 31150, -6160
210537, 582, 835, 37, 24920, 29190, 2240
210557, 561, 804, 41, 21070, 28980, 11200
210577, 547, 773, 45, 15960, 28630, 16100
210597, 549, 775, 40, 16100, 21490, 11060
210617, 559, 796, 38, 18340, 11760, -1960
210637, 573, 819, 39, 12740, 11060, -10080
210657, 580, 836, 45, 4270, 13020, -8960
210677, 587, 845, 42, 1750, 7700, -3080
210697, 588, 840, 38, 3360, -2100, 3220
210717, 579, 826, 40, 910, -6440, 6020
210737, 569, 813, 39, -4410, -6720, 5460
210757, 564, 802, 39, -7420, -9660, 2590
210777, 559, 799, 41, -10360, -12880, 140
210797, 571, 812, 41, -14420, -14630, -1260
210817, 584, 838, 40, -14980, -19600, -2800
210837, 600, 858, 35, -12670, -27160, -4620
210857, 599, 855, 34, -13300, -30310, -4340
210877, 591, 844, 37, -18620, -26880, -1610
210897, 578, 826, 36, -21770, -24780, -490
210917, 561, 801, 37, -20930, -26530, 1960
210937, 547, 773, 36, -20790, -27790, 8610
210957, 544, 764, 37, -21350, -28420, 14490
210977, 559, 784, 32, -20020, -30520, 11130
210997, 576, 818, 33, -18270, -31570, -1400
211017, 590, 850, 34, -18970, -28560, -12810
211037, 604, 868, 36, -19250, -25550, -13790
211057, 611, 877, 34, -16100, -25900, -5390
211077, 602, 859, 31, -11900, -25970, 4900
211097, 579, 818, 33, -10500, -21630, 13930
211117, 561, 788, 33, -10080, -16240, 19320
211137, 553, 775, 31, -7560, -13580, 16870
211157, 555, 783, 32, -4550, -11130, 5950
211177, 567, 806, 36, -2450, -7630, -5670
211197, 583, 830, 35, 350, -5600, -7980
211217, 598, 850, 30, 5390, -6860, -2870
211237, 606, 860, 28, 9870, -6720, 2310
211257, 597, 853, 32, 9450, 630, 4340
211277, 578, 827, 36, 6300, 11340, 3710
211297, 566, 801, 33, 8330, 14910, 4830
211317, 557, 783, 31, 14070, 13090, 8680
211337, 552, 778, 35, 16660, 14210, 11340
211357, 562, 794, 35, 15470, 19390, 10780
211377, 583, 827, 34, 16520, 21140, 6790
211397, 598, 852, 34, 19180, 20510, 0
211417, 597, 862, 36, 19880, 22260, -6440
211437, 587, 843, 35, 19180, 26040, -7630
211457, 576, 824, 35, 20300, 26320, -210
211477, 570, 806, 36, 21630, 25060, 12110
211497, 564, 798, 39, 19460, 27440, 19950
211517, 567, 806, 40, 15750, 31360, 16170
211537, 579, 824, 37, 21700, 20790, -8260
211557, 590, 845, 38, 21490, 17920, -11200
211577, 590, 851, 38, 16240, 20860, -6090
211597, 589, 848, 42, 12040, 22120, 4900
211617, 581, 829, 39, 10850, 19040, 14490
211637, 574, 811, 40, 10780, 14210, 15260
211657, 568, 805, 40, 9940, 10780, 6580
211677, 569, 813, 41, 9030, 7210, -5810
211697, 574, 825, 39, 8190, 2660, -11480
211717, 576, 824, 36, 5250, 140, -5600
211737, 576, 820, 42, -350, 490, 4550
211757, 571, 817, 45, -3080, -2170, 8890
211777, 580, 824, 38, -560, -10010, 3850
211797, 579, 824, 36, -700, -14630, -2940
211817, 573, 821, 37, -5600, -13720, -5460
211837, 575, 820, 38, -9030, -13930, -4200
211857, 578, 828, 38, -9590, -17010, -910
211877, 576, 822, 38, -10360, -19530, 3780
211897, 570, 808, 39, -12180, -20370, 9380
211917, 573, 807, 36, -11620, -23380, 8330
211937, 580, 823, 35, -10640, -25480, -1400
211957, 592, 848, 37, -12740, -22750, -10640
211977, 594, 856, 40, -15190, -19530, -10850
211997, 593, 850, 35, -12740, -22400, -2450
212017, 583, 827, 31, -7910, -27020, 6580
212037, 569, 801, 33, -9240, -23240, 11340
212057, 562, 793, 36, -13020, -16380, 9310
212077, 567, 801, 36, -12040, -14840, 1820
212097, 575, 816, 34, -8330, -16380, -6580
212117, 577, 822, 36, -7770, -14000, -8610
212137, 581, 827, 35, -6930, -11620, -3290
212157, 587, 832, 32, -3220, -12390, 2940
212177, 594, 839, 29, -1050, -10710, 5390
212197, 596, 848, 36, -2240, -3920, 1960
212217, 593, 849, 37, -1960, 1470, -3430
212237, 589, 840, 32, 3010, 630, -5810
212257, 576, 817, 32, 7560, -280, -560
212277, 570, 806, 33, 7420, 4060, 8820
212297, 569, 800, 35, 6230, 9310, 13090
212317, 575, 812, 34, 7280, 11830, 10150
212337, 579, 824, 35, 10010, 11970, 1540
212357, 576, 821, 35, 11340, 13440, -5040
212377, 565, 809, 35, 12180, 14840, -4480
212397, 558, 791, 36, 12320, 15960, 4200
212417, 555, 784, 36, 11970, 16730, 13370
212437, 557, 786, 36, 11480, 17710, 13930
212457, 561, 797, 38, 11340, 17990, 5950
212477, 575, 819, 35, 13160, 15470, -6090
212497, 587, 838, 37, 15120, 12390, -13790
212517, 599, 862, 37, 14420, 12530, -14140
212537, 600, 867, 37, 13020, 13510, -8260
212557, 591, 850, 36, 11270, 14560, 4830
212577, 578, 822, 39, 9730, 14770, 16450
212597, 569, 803, 39, 8260, 14700, 17080
212617, 567, 806, 38, 9870, 11340, 4970
212637, 568, 811, 37, 11480, 7490, -7280
212657, 572, 817, 38, 8820, 7140, -6790
212677, 575, 820, 39, 5040, 7280, 2310
212697, 581, 828, 39, 4130, 4620, 7840
212717, 582, 831, 38, 5040, 490, 5390
212737, 582, 832, 39, 3990, -1610, 2240
212757, 578, 820, 34, 2800, -3570, -840
212777, 568, 811, 37, 1260, -4900, -1820
212797, 566, 805, 39, -2520, -3570, 1540
212817, 564, 804, 41, -5740, -3290, 7350
212837, 574, 813, 37, -4760, -7910, 10150
212857, 585, 830, 36, -1330, -14630, 4900
212877, 596, 857, 37, -1960, -15470, -4690
212897, 604, 871, 38, -5040, -12600, -12040
212917, 600, 864, 37, -6650, -11060, -10360
212937, 583, 835, 35, -6930, -11410, 1540
212957, 566, 800, 37, -7070, -11550, 15820
212977, 554, 780, 36, -7070, -11410, 22330
212997, 552, 774, 38, -5950, -12250, 16590
213017, 562, 790, 37, -5880, -11900, 5180
213037, 578, 826, 37, -6930, -10150, -5320
213057, 598, 860, 37, -6650, -9590, -11060
213077, 606, 871, 35, -3990, -11270, -8960
213097, 593, 847, 36, -560, -13510, 140
213117, 574, 811, 33, 140, -12390, 11550
213137, 552, 775, 36, -1750, -7700, 16800
213157, 543, 761, 39, -5180, -980, 14070
213177, 549, 777, 41, -6090, 2240, 5530
213197, 577, 818, 37, -2590, -420, -2660
213217, 612, 875, 32, 3360, -6160, -8260
213237, 629, 905, 31, 7980, -9240, -12460
213257, 626, 903, 35, 6930, -4270, -10430
213277, 600, 861, 38, 1330, 6090, -420
213297, 572, 816, 37, -210, 11410, 9380
213317, 549, 772, 37, 4200, 9730, 13020
213337, 537, 752, 37, 8470, 7210, 12390
213357, 540, 756, 35, 9730, 7980, 7000
213377, 562, 791, 37, 7560, 9730, -1400
213397, 586, 838, 38, 7280, 10640, -13300
213417, 605, 875, 40, 8540, 10220, -17990
213437, 618, 891, 36, 13090, 5600, -13790
213457, 607, 871, 32, 14700, 4620, -1330
213477, 578, 823, 35, 9240, 11970, 14070
213497, 548, 772, 42, 2450, 20090, 22540
213517, 536, 751, 41, 3290, 17850, 17990
213537, 541, 758, 39, 10220, 8190, 3010
213557, 551, 779, 37, 13230, 2730, -11270
213577, 566, 806, 38, 9660, 4340, -16380
213597, 585, 841, 38, 6230, 5740, -12320
213617, 600, 856, 38, 4620, 5670, -5040
213637, 598, 859, 41, 2730, 6510, 1470
213657, 597, 851, 41, 2450, 5600, 5040
213677, 594, 846, 36, 6580, -140, 2310
213697, 589, 837, 34, 7980, -2520, -2240
213717, 582, 832, 37, 3010, 2450, -3080
213737, 579, 829, 42, -1050, 6020, 140
213757, 575, 822, 40, 280, 2520, 5460
213777, 571, 812, 37, 3150, -3010, 9450
213797, 570, 804, 38, 3080, -4830, 9240
213817, 571, 808, 37, 2590, -5600, 2450
213837, 574, 815, 36, 1750, -5880, -4270
213857, 574, 822, 39, -1610, -3640, -2800
213877, 576, 820, 41, -3990, -2730, 3290
213897, 580, 827, 40, -2520, -5810, 8260
213917, 590, 841, 36, 1400, -11060, 7910
213937, 593, 845, 36, 2030, -11830, 4690
213957, 590, 843, 37, -1050, -7770, 2030
213977, 581, 830, 38, -4060, -3780, 1750
213997, 575, 819, 38, -4830, -2240, 5530
214017, 567, 807, 39, -3080, -3920, 10990
214037, 566, 801, 37, -840, -6300, 14770
214057, 576, 809, 34, 770, -7630, 13020
214077, 585, 830, 37, 210, -5740, 5390
214097, 594, 849, 37, -1190, -2170, -4830
214117, 591, 852, 39, -980, -420, -9100
214137, 584, 835, 37, 1470, -1890, -2380
214157, 572, 810, 36, 3920, -3500, 10500
214177, 563, 791, 36, 3990, -2310, 19390
214197, 565, 796, 35, 3500, -70, 15330
214217, 571, 807, 36, 4130, 1050, 2170
214237, 573, 818, 38, 4340, 2520, -8330
214257, 568, 813, 40, 4760, 2590, -9170
214277, 566, 804, 34, 6790, 420, -1820
214297, 562, 795, 33, 9310, -2240, 6580
214317, 568, 799, 35, 6860, 840, 12250
214337, 580, 816, 39, 3080, 5530, 9660
214357, 597, 851, 36, 3780, 5810, -4200
214377, 606, 874, 37, 8260, 2310, -19950
214397, 602, 870, 37, 9310, 2310, -20370
214417, 595, 853, 36, 7070, 5180, -3990
214437, 585, 832, 35, 5460, 7280, 14350
214457, 574, 812, 38, 3990, 9870, 20160
214477, 565, 802, 41, 1750, 13300, 13020
214497, 569, 806, 38, 3010, 11760, 420
214517, 580, 829, 34, 7910, 5460, -11270
214537, 589, 846, 36, 9170, 3220, -15470
214557, 588, 847, 38, 5250, 6930, -8890
214577, 581, 830, 39, 1890, 9520, 4480
214597, 575, 814, 39, 2030, 7420, 14420
214617, 573, 808, 39, 3780, 4130, 10430
214637, 566, 808, 39, 4760, 2520, -3570
214657, 564, 807, 38, 4690, 1540, -12950
214677, 560, 797, 38, 3570, 210, -8190
214697, 561, 794, 38, 490, 560, 4620
214717, 568, 808, 41, -1680, 560, 10850
214737, 581, 823, 40, -1050, -1750, 6090
214757, 592, 845, 39, 2030, -6930, -4060
214777, 597, 854, 37, 3360, -10150, -11620
214797, 597, 860, 37, 1400, -8750, -13090
214817, 587, 847, 40, -1960, -5110, -8260
214837, 575, 818, 40, -3990, -3220, 4480
214857, 567, 797, 37, -3570, -5250, 18130
214877, 568, 796, 36, -1120, -9100, 19110
214897, 571, 812, 37, 1050, -11130, 3990
214917, 582, 835, 39, -140, -8890, -12530
214937, 588, 844, 40, -3220, -5530, -14210
214957, 592, 844, 37, -3500, -6020, -3850
214977, 580, 826, 36, -910, -8820, 6720
214997, 568, 801, 38, -350, -8400, 13370
215017, 557, 781, 37, -1400, -6230, 15400
215037, 555, 781, 35, -630, -6440, 10710
215057, 556, 787, 38, 350, -6580, 560
215077, 563, 805, 42, -1610, -3290, -6230
215097, 577, 822, 38, -1960, -2590, -4130
215117, 596, 843, 32, 2030, -7350, 3710
215137, 606, 862, 34, 4900, -9940, 8120
215157, 610, 876, 38, 3290, -5320, 3710
215177, 603, 869, 38, 1260, 630, -4900
215197, 582, 835, 35, 4130, 2170, 4830
215217, 562, 795, 36, 3570, 4480, 17780
215237, 553, 778, 36, 3640, 5950, 21420
215257, 557, 784, 38, 6300, 4270, 13440
215277, 572, 806, 34, 8400, 2870, 280
215297, 581, 829, 37, 7070, 5390, -9520
215317, 590, 847, 38, 5950, 7840, -12740
215337, 587, 847, 37, 7490, 7140, -6510
215357, 577, 824, 37, 7910, 6930, 9380
215377, 561, 793, 40, 5670, 9170, 24010
215397, 564, 787, 37, 5460, 9520, 21770
215417, 576, 813, 37, 7770, 7910, 2800
215437, 597, 855, 36, 8680, 7770, -15680
215457, 604, 872, 40, 8470, 7910, -18690
215477, 603, 871, 36, 10430, 5250, -7070
215497, 590, 843, 34, 10010, 5530, 11060
215517, 569, 806, 38, 5110, 10780, 24990
215537, 556, 781, 42, 2520, 12880, 26110
215557, 555, 779, 37, 5670, 7910, 13090
215577, 564, 799, 38, 9380, 2170, -6090
215597, 579, 827, 37, 8190, 1890, -16940
215617, 591, 853, 39, 5250, 3290, -13160
215637, 593, 855, 40, 3780, 2310, 700
215657, 585, 831, 36, 2380, 1680, 14420
215677, 569, 805, 39, -70, 2730, 17570
215697, 561, 792, 37, 0, 1260, 7700
215717, 560, 794, 39, 1750, -2450, -5390
215737, 565, 803, 39, 0, -2590, -11200
215757, 571, 817, 41, -3850, -980, -8330
215777, 585, 835, 40, -5250, -1750, -1960
215797, 597, 848, 38, -3780, -5250, 1330
215817, 600, 854, 37, -3500, -6720, 0
215837, 595, 849, 36, -4270, -6020, -5320
215857, 585, 836, 36, -4970, -4830, -10080
215877, 569, 815, 39, -6160, -3220, -7770
215897, 554, 784, 40, -7630, -1960, 2310
215917, 545, 766, 40, -7560, -3220, 12110
215937, 546, 765, 39, -4410, -8050, 11480
215957, 559, 783, 36, -1960, -11480, 1540
215977, 574, 815, 36, -3150, -10220, -11270
215997, 594, 850, 38, -5530, -7070, -20370
216017, 613, 886, 37, -5110, -6580, -21210
216037, 622, 901, 37, -1960, -8610, -13930
216057, 614, 884, 36, 560, -9450, -980
216077, 592, 843, 35, 2170, -8890, 10780
216097, 571, 803, 32, 840, -4900, 15540
216117, 556, 784, 38, -3290, 2380, 11830
216137, 556, 792, 43, -4970, 6650, 1750
216157, 570, 813, 37, -490, 2940, -6370
216177, 589, 842, 33, 7000, -5110, -7420
216197, 597, 849, 34, 9730, -7630, -1190
216217, 591, 843, 36, 6160, -1680, 6370
216237, 574, 820, 38, 2520, 4690, 8890
216257, 555, 788, 38, 1260, 7910, 10780
216277, 541, 766, 41, 3500, 6090, 11900
216297, 540, 757, 39, 6930, 2030, 10640
216317, 547, 772, 37, 10710, -2450, 6510
216337, 561, 791, 38, 11620, -3500, 1680
216357, 574, 818, 40, 8750, -350, -210
216377, 595, 848, 39, 7210, 1260, -1260
216397, 617, 885, 35, 9170, -420, -3080
216417, 626, 905, 37, 12110, -1960, -5670
216437, 620, 894, 37, 12670, -140, -3710
216457, 602, 861, 38, 11900, 2800, 5320
216477, 579, 820, 36, 11830, 4690, 14980
216497, 555, 787, 41, 9240, 9170, 20790
216517, 553, 780, 43, 6790, 12740, 19320
216537, 563, 795, 39, 8820, 10010, 12530
216557, 580, 825, 35, 13370, 3920, 3150
216577, 589, 843, 37, 14280, 2030, -5180
216597, 594, 852, 37, 9590, 6860, -5040
216617, 592, 846, 37, 5670, 10710, 2380
216637, 583, 835, 39, 5180, 10430, 10570
216657, 572, 816, 40, 5810, 9100, 14350
216677, 562, 797, 38, 6230, 7910, 14000
216697, 558, 787, 37, 7210, 5320, 10220
216717, 554, 781, 38, 7490, 3220, 4970
216737, 557, 792, 45, 3430, 5950, 2660
216757, 564, 805, 44, -350, 8050, 770
216777, 569, 814, 38, 1890, 2940, -910
216797, 570, 808, 39, 5670, -4130, 0
216817, 567, 802, 40, 4270, -5390, 3150
216837, 569, 808, 38, 980, -3780, 1960
216857, 574, 820, 40, -280, -3640, -4340
216877, 586, 838, 42, -3430, -1750, -6930
216897, 598, 852, 41, -5740, -1120, -5600
216917, 604, 862, 36, -2170, -6510, -6790
216937, 595, 853, 33, 2520, -12320, -10360
216957, 581, 829, 39, -280, -9450, -8190
216977, 575, 816, 40, -7910, -980, 420
216997, 579, 822, 42, -11060, 2170, 4550
217017, 588, 840, 40, -6510, -2800, -2660
217037, 596, 852, 41, -4200, -5530, -5390
217057, 595, 849, 36, -1470, -8470, -6370
217077, 587, 839, 34, -3290, -5390, -3010
217097, 568, 808, 40, -10850, 4060, 6020
217117, 551, 783, 43, -12880, 6300, 12250
217137, 547, 770, 43, -5600, -2870, 11690
217157, 555, 778, 35, 140, -10150, 4620
217177, 573, 811, 40, 140, -9870, -7910
217197, 591, 845, 37, -1050, -7210, -18690
217217, 604, 871, 38, -910, -6020, -18270
217237, 595, 859, 40, -2240, -3990, -3430
217257, 579, 824, 41, -2100, -3220, 12110
217277, 569, 798, 37, 1890, -6020, 16030
217297, 559, 784, 36, 4060, -6860, 10990
217317, 559, 788, 37, 2380, -3640, 2310
217337, 568, 804, 39, 210, -140, -5460
217357, 585, 838, 38, 2240, -1260, -12110
217377, 601, 863, 40, 5460, -3570, -11130
217397, 607, 872, 39, 5740, -2660, 490
217417, 608, 866, 37, 6370, -1610, 10430
217437, 602, 855, 36, 7140, 70, 11480
217457, 587, 839, 39, 6650, 3920, 5880
217477, 563, 807, 43, 4550, 8540, 4480
217497, 552, 782, 43, 5810, 7700, 9100
217517, 546, 766, 39, 9940, 2590, 13790
217537, 547, 771, 37, 11060, 980, 14350
217557, 556, 786, 41, 9310, 2660, 9520
217577, 572, 806, 40, 7420, 4340, 2940
217597, 591, 841, 38, 8960, 1960, -5880
217617, 603, 866, 38, 10640, 280, -11760
217637, 608, 877, 41, 10360, 1540, -8890
217657, 594, 854, 41, 9940, 2380, 2800
217677, 577, 819, 38, 10010, 2170, 17990
217697, 562, 787, 38, 8470, 3780, 23730
217717, 554, 780, 41, 5530, 7140, 15820
217737, 565, 800, 42, 5670, 6580, 910
217757, 583, 835, 40, 8540, 1960, -9520
217777, 601, 863, 34, 10500, -2100, -11830
217797, 602, 867, 39, 8260, -350, -5740
217817, 594, 852, 41, 3150, 5040, 5670
217837, 575, 818, 42, 700, 7070, 14210
217857, 561, 789, 41, 1330, 5250, 16240
217877, 551, 775, 41, 2030, 3290, 10780
217897, 552, 781, 40, 1190, 2730, 1610
217917, 563, 802, 40, 490, 1610, -3990
217937, 581, 825, 39, 70, -210, -4760
217957, 598, 857, 40, -910, -1190, -3430
217977, 606, 869, 40, -1050, -1820, -3290
217997, 597, 859, 39, -210, -2730, -3500
218017, 579, 828, 40, -630, -2800, -350
218037, 565, 803, 37, -1820, -2030, 4760
218057, 555, 788, 39, -3080, -1050, 7000
218077, 552, 784, 42, -4550, -140, 5810
218097, 555, 786, 40, -4550, -1680, 4480
218117, 569, 806, 38, -2940, -5600, 1610
218137, 589, 838, 37, -1470, -8610, -6300
218157, 604, 869, 40, -3150, -6720, -13300
218177, 613, 885, 39, -5110, -3780, -14210
218197, 602, 865, 37, -4830, -3920, -6020
218217, 584, 831, 35, -2660, -6230, 6230
218237, 561, 789, 38, -2310, -5880, 13650
218257, 549, 772, 41, -5180, -1960, 14420
218277, 548, 772, 38, -5600, -1400, 7420
218297, 557, 789, 38, -4200, -3290, -1190
218317, 570, 813, 40, -3640, -4900, -7140
218337, 587, 841, 39, -2450, -6790, -10430
218357, 603, 864, 35, 70, -9450, -9660
218377, 610, 871, 37, 70, -8540, -4340
218397, 603, 864, 39, -2940, -3640, 2170
218417, 594, 848, 38, -3500, -910, 4480
218437, 582, 833, 38, -700, -1820, 3220
218457, 570, 811, 38, 1120, -1820, 2660
218477, 560, 792, 38, 1610, -980, 5110
218497, 558, 787, 37, 2310, -770, 7630
218517, 560, 792, 38, 3150, -1260, 7420
218537, 566, 801, 38, 2590, 70, 4690
218557, 572, 814, 39, 3150, 0, -840
218577, 580, 823, 36, 5810, -2590, -5110
218597, 583, 832, 36, 8890, -5740, -5670
218617, 582, 832, 38, 7420, -3150, -1960
218637, 584, 832, 40, 3290, 2660, 4410
218657, 582, 827, 40, 2450, 4690, 8680
218677, 586, 830, 37, 5530, 1890, 8960
218697, 581, 828, 36, 9380, -1470, 3780
218717, 581, 831, 37, 10080, -980, -980
218737, 579, 824, 39, 8260, 2170, -840
218757, 571, 812, 40, 6440, 4830, 4130
218777, 568, 808, 40, 4340, 7490, 11410
218797, 572, 810, 40, 5110, 6650, 12320
218817, 582, 825, 35, 9100, 2240, 6160
218837, 582, 831, 34, 12950, -2100, -2310
218857, 577, 825, 39, 5040, 7070, -770
218877, 571, 814, 39, 2380, 9520, 6090
218897, 571, 816, 39, 5320, 5250, 9660
218917, 572, 811, 38, 8540, 770, 8960
218937, 568, 805, 39, 7280, 1400, 5880
218957, 569, 807, 38, 5950, 1960, 210
218977, 569, 809, 37, 5390, 1680, -4200
218997, 570, 812, 39, 2380, 3710, -2380
219017, 570, 815, 41, -1470, 6440, 3430
219037, 581, 829, 42, 630, 2380, 5040
219057, 597, 850, 36, 6300, -5040, -1050
219077, 601, 861, 34, 6370, -5180, -7210
219097, 594, 854, 38, -70, 2240, -5740
219117, 592, 847, 40, -3010, 5320, -980
219137, 582, 833, 39, -1610, 3430, 4410
219157, 575, 818, 39, -490, 1540, 9100
219177, 564, 797, 40, -210, -70, 11200
219197, 561, 791, 35, 1680, -3500, 6440
219217, 562, 792, 35, 1400, -3990, -3430
219237, 558, 794, 40, -5110, 2520, -7490
219257, 562, 804, 44, -8470, 4900, -4690
219277, 577, 821, 41, -4550, -1820, 980
219297, 597, 845, 35, 700, -9590, 2730
219317, 606, 865, 35, 1750, -10850, -3010
219337, 600, 860, 37, -1890, -5880, -7560
219357, 590, 843, 36, -5250, -1820, -4970
219377, 570, 811, 39, -7000, -280, 4410
219397, 559, 794, 39, -6930, -910, 12390
219417, 557, 790, 40, -3220, -5600, 12600
219437, 567, 798, 35, 840, -10990, 7420
219457, 576, 810, 35, 1610, -12670, 350
219477, 582, 833, 36, -2660, -7840, -5810
219497, 600, 862, 40, -6510, -2450, -10850
219517, 606, 878, 42, -5040, -2870, -8750
219537, 609, 877, 37, -140, -7770, 2380
219557, 599, 846, 35, 3570, -11200, 14070
219577, 587, 830, 32, 4270, -9940, 14000
219597, 567, 807, 36, 2590, -5110, 3850
219617, 552, 785, 41, -1330, 1330, -280
219637, 546, 771, 41, -3010, 3150, 4270
219657, 551, 777, 39, 140, -1120, 9450
219677, 569, 804, 36, 6020, -7630, 7350
219697, 579, 823, 38, 7980, -9100, 1750
219717, 585, 831, 36, 4410, -4200, -210
219737, 575, 820, 39, 910, 770, -280
219757, 565, 806, 39, -490, 3920, -70
219777, 560, 797, 40, 700, 3780, 3010
219797, 566, 797, 38, 4200, 140, 8960
219817, 575, 811, 34, 9030, -5110, 10360
219837, 586, 826, 35, 10360, -5600, 3570
219857, 589, 844, 39, 7490, -210, -8050
219877, 581, 836, 41, 4130, 5530, -13510
219897, 580, 828, 38, 4620, 5530, -6720
219917, 570, 807, 38, 7980, 1610, 5250
219937, 567, 799, 36, 10010, -420, 12180
219957, 569, 802, 37, 9800, 280, 9520
219977, 583, 824, 38, 7630, 3080, 700
219997, 593, 850, 40, 6790, 4060, -11760
220017, 588, 851, 40, 6090, 5250, -18620
220037, 575, 826, 42, 5390, 5740, -11830
220057, 566, 801, 37, 5810, 3850, 4970
220077, 558, 782, 36, 7280, 140, 17710
220097, 556, 780, 37, 5810, 1050, 14420
220117, 564, 802, 43, 2240, 4480, -1050
220137, 583, 833, 42, 490, 5250, -14350
220157, 602, 870, 39, 3430, -70, -20510
220177, 608, 880, 38, 6580, -5180, -19180
220197, 592, 851, 40, 5810, -4900, -7700
220217, 562, 799, 37, 1540, -840, 8960
220237, 532, 743, 39, -2380, 1890, 20440
220257, 516, 716, 42, -5950, 4340, 18970
220277, 518, 726, 44, -7980, 4410, 4340
220297, 543, 767, 39, -6790, 140, -11830
220317, 578, 826, 38, -1680, -9030, -20860
220337, 613, 877, 37, 0, -13650, -20860
220357, 632, 914, 34, -2310, -12460, -15190
220377, 626, 902, 36, -5040, -8050, -9240
220397, 597, 859, 37, -6860, -4270, -1330
220417, 565, 800, 36, -8540, -1050, 7490
220437, 536, 753, 40, -8190, 0, 14280
220457, 531, 742, 38, -7420, 70, 15610
220477, 548, 767, 39, -5880, -1890, 11480
220497, 590, 835, 35, -4130, -3850, 5040
220517, 631, 911, 35, -770, -6650, -6930
220537, 658, 963, 34, 1750, -6720, -17920
220557, 648, 949, 32, 4620, -5670, -17290
220577, 612, 883, 34, 5600, -2100, -700
220597, 563, 800, 34, 3710, 4410, 24010
220617, 523, 729, 38, 560, 12250, 43260
220637, 510, 704, 39, -1330, 17430, 47390
220657, 520, 718, 37, 1050, 16100, 34650
220677, 549, 770, 39, 11900, 5320, -6370
220697, 600, 861, 35, 14000, 4130, -17920
220717, 644, 933, 32, 13720, 7350, -14910
220737, 659, 967, 31, 11620, 14280, -140
220757, 628, 915, 35, 8330, 22610, 19670
220777, 577, 828, 37, 8960, 25690, 35630
220797, 534, 745, 38, 12180, 24360, 42000
220817, 509, 701, 35, 12110, 24570, 35350
220837, 509, 701, 39, 10920, 25130, 19250
220857, 538, 752, 41, 11760, 23450, -210
220877, 577, 826, 42, 15680, 17570, -17150
220897, 620, 899, 37, 21560, 9240, -23240
220917, 640, 932, 33, 27230, 1820, -13370
220937, 620, 897, 29, 24710, 4830, 6440
220957, 573, 816, 37, 11690, 19320, 29680
220977, 532, 747, 49, 840, 30450, 44380
220997, 520, 726, 47, 5810, 21770, 35000
221017, 536, 751, 42, 18550, 3500, 11340
221037, 580, 727, -43, 61880, -59500, 26250
221057, 527, 660, -15, 54180, -64050, 49140
221077, 653, 839, 96, -21280, 23030, 41090
221097, 485, 591, -4, -26810, 20090, 22400
221117, 481, 581, -13, -1540, -26250, 16450
221137, 480, 583, 79, -18480, -20160, 24710
221157, 610, 746, 85, -29470, -10500, 33390
221177, 703, 785, 60, -15750, -28420, 40600
221197, 678, 712, 53, -16730, -38990, 45780
221217, 688, 721, 34, -44170, -43120, 40530
221237, 705, 707, 9, -56700, -65730, 42140
221257, 741, 698, -7, -62300, -77490, 41020
221277, 764, 680, -21, -61670, -74130, 45010
221297, 756, 638, -12, -64540, -53130, 47600
221317, 758, 641, 38, -64960, -34720, 54040
221337, 781, 625, 21, -52570, -38990, 62720
221357, 805, 618, 6, -40320, -37170, 66150
221377, 823, 590, -4, -38360, -31500, 64190
221397, 842, 579, -23, -38990, -27230, 63770
221417, 844, 565, 2, -37800, -15050, 68250
221437, 869, 550, 15, -38920, 6090, 74200
221457, 869, 535, 55, -44660, 25690, 75670
221477, 852, 484, 72, -48790, 51590, 76230
221497, 851, 472, 117, -46830, 69230, 82950
221517, 863, 449, 152, -42770, 74410, 99750
221537, 864, 424, 196, -43400, 79940, 120960
221557, 899, 368, 216, -47880, 82530, 136920
221577, 1191, 478, 395, -59570, 85890, 140350
221597, 917, 167, 321, -54880, 110670, 144760
221617, 904, 102, 406, -11620, 137550, 143850
221637, 932, 69, 426, 63630, 134400, 133070
221657, 946, 121, 436, 133000, 112070, 114310
221677, 874, 152, 403, 200900, 84280, 92540
221697, 905, 240, 415, 251370, 66220, 98980
221717, 843, 197, 383, 267400, 65800, 114940
221737, 867, 203, 414, 262920, 79170, 121940
221757, 930, 218, 447, 253050, 99820, 134120
221777, 911, 184, 435, 252630, 108150, 151970
221797, 948, 213, 468, 259280, 123690, 166390
221817, 862, 153, 459, 263970, 151480, 177450
221837, 867, 230, 555, 263620, 189420, 187180
221857, 697, 159, 647, 254170, 235760, 193620
221877, 683, 154, 741, 212380, 256900, 206570
221897, 589, 111, 814, 163380, 239750, 189070
221917, 558, 91, 821, 115430, 227920, 151690
221937, 489, 137, 905, 74830, 193830, 135730
221957, 494, 8, 810, 58590, 177170, 121030
221977, 449, 29, 948, 24500, 156800, 90510
221997, 367, 37, 978, 16730, 179550, 70350
222017, 316, 35, 1003, 14490, 158060, 58800
222037, 279, 46, 1031, 8190, 131670, 42490
222057, 270, 60, 1048, 2380, 101500, 23800
222077, 279, 52, 1030, -1890, 67970, 6020
222097, 289, 65, 997, -490, 31150, 1120
222117, 322, 60, 968, 2100, -560, 2030
222137, 351, 64, 940, 3290, -16590, 3010
222157, 346, 53, 945, 3780, -15750, 2870
222177, 347, 60, 933, 3010, -3080, 2800
222197, 317, 69, 937, 1470, 14280, 1470
222217, 301, 44, 963, -700, 36680, 490
222237, 256, 58, 985, -2590, 61320, 1120
222257, 206, 76, 1039, -3640, 76720, 70
222277, 162, 101, 1076, -3780, 82250, -1540
222297, 189, 75, 1051, 1120, 68950, 4760
222317, 197, 69, 979, 7000, 27230, 28910
222337, 211, 31, 971, 13020, -7350, 52570
222357, 200, 27, 998, 14420, -4340, 57890
222377, 202, 24, 997, 12040, 19810, 49630
222397, 101, 49, 1054, 7000, 31920, 28630
222417, 177, 56, 1011, 8610, 32480, 10360
222437, 205, 38, 990, 4340, 5740, 1960
222457, 188, 49, 1004, -210, -6090, 2310
222477, 165, 66, 1018, 2590, 5670, -420
222497, 172, 59, 1017, 2870, 10990, -1470
222517, 175, 55, 1009, 2310, 2590, 910
222537, 170, 58, 1003, 2380, 1470, 1330
222557, 167, 69, 1006, 2800, 3850, 770
222577, 166, 71, 1003, 3010, 6580, 2240
222597, 160, 46, 1023, 2660, 6720, 4410
222617, 176, 67, 999, 2520, 4970, 2520
222637, 173, 54, 998, 2660, 5740, 2100
222657, 155, 52, 1021, 3850, 11480, 2170
222677, 149, 60, 1012, 4620, 12670, 420
222697, 145, 57, 1001, 4900, 13300, 980
222717, 134, 54, 1019, 4480, 13790, 140
222737, 143, 71, 1007, 5950, 15540, -210
222757, 151, 59, 995, 4480, 15190, -1820
222777, 139, 43, 1006, 8120, 26600, -210
222797, 127, 39, 996, 16030, 43610, -1820
222817, 116, 69, 963, 25900, 68110, -7140
222837, 64, 94, 999, 38990, 103950, -10640
222857, 104, 100, 831, 34020, 103390, -13020
222877, -231, 134, 1357, -12880, 5250, -5180
222897, 9, 92, 1012, -4340, 2940, 2240
222917, 8, 100, 1009, -560, -350, 1190
222937, -10, 83, 1036, -3010, -490, -2660
222957, 8, 91, 1026, -2940, -490, -3010
222977, 38, 76, 1011, 840, -70, 910
222997, 84, 68, 1013, -5110, -770, -3500
223017, 35, 140, 929, -22890, -2730, -30170
223037, -85, 60, 989, -10290, -2240, -30520
223057, 14, 7, 1027, 1400, -140, -5740
223077, -59, 70, 1028, 2590, -420, 3990
223097, 30, 65, 991, 2310, 140, 2730
223117, 111, 85, 1003, 2450, -210, -2730
223137, -9, 79, 1025, 2520, 560, 490
223157, -3, 82, 1023, 2380, 140, 1820
223177, 4, 77, 1022, 2380, -210, 1680
223197, 54, 71, 1011, 2100, -140, 1330
223217, -156, 58, 1039, 910, -1050, -3780
223237, 358, 109, 975, 910, -2520, -28630
223257, -45, 69, 1022, 2030, -2310, -33250
223277, 94, 106, 1015, 1330, 3080, 31780
223297, 7, 101, 1030, 840, 4270, 46900
223317, 40, 106, 1038, 1190, 3990, 52220
223337, -24, 23, 992, 1400, 4970, 56560
223357, -14, -5, 1080, 1400, 4480, 60130
223377, -70, 22, 1033, 840, 4130, 53130
223397, 13, 28, 1024, 700, 4060, 50190
223417, -56, 109, 1012, 630, 3150, 38640
223437, 14, 50, 1021, 1820, 3570, 43750
223457, -10, 56, 1031, 2030, 2660, 32690
223477, 21, 66, 1026, 1680, 1820, 23520
223497, 11, 69, 1023, 700, 1330, 17850
223517, 1, 69, 1023, 210, 630, 8120
223537, 20, 65, 1026, 700, 350, 4270
223557, 22, 59, 1027, 420, 350, 5950
223577, 14, 60, 1027, 630, 490, 6160
223597, 4, 60, 1026, 560, 700, 9100
223617, 9, 60, 1026, 1050, 420, 5880
223637, 25, 48, 1027, 1680, 280, 3500
223657, -29, 61, 1027, 1540, 2030, 27510
223677, -16, 49, 1028, 2310, 2870, 39410
223697, -38, 46, 1028, 2170, 2170, 30940
223717, 2, 64, 1024, 1960, 1260, 18270
223737, 4, 64, 1024, 1960, 420, 5670
223757, 1, 64, 1025, 2170, 70, 1190
223777, 3, 65, 1025, 2170, 0, 1260
223797, 4, 62, 1027, 2240, -70, 1750
223817, 5, 61, 1024, 2170, -70, 1960
223837, 7, 59, 1024, 2240, 0, 1960
223857, 6, 59, 1024, 2240, -140, 1960
223877, 4, 60, 1023, 2240, -140, 1960
223897, 1, 64, 1025, 2310, -70, 1890
223917, 3, 62, 1024, 2380, 70, 1820
223937, 7, 61, 1026, 2450, 140, 1820
223957, 8, 61, 1026, 2450, -70, 1960
223977, 184, 213, 819, 2450, -140, 2030
223997, 4, 55, 1032, -11270, 490, 10150
224017, 6, 55, 1026, -1820, 770, 12180
224037, 8, 55, 1021, 2940, 280, 1820
224057, 6, 52, 1005, 3640, -70, 2030
224077, 7, 53, 1010, 2870, -70, 2030
224097, 7, 57, 1018, 2730, 70, 1960
224117, 6, 58, 1029, 2800, 0, 2030
224137, 63, -430, -124, 2730, 0, 1960
