T [ms],AccX [mg],AccY [mg],AccZ [mg],GyroX [mdps],GyroY [mdps],GyroZ [mdps],LabelX,LabelY,LabelZ
5593,-2,86,1026,2590,-140,4340,1,1,1
5613,-1,67,1028,2590,-70,1120,1,1,1
5633,1,70,1026,2590,0,2170,1,1,1
5653,2,68,1029,2590,-210,140,1,1,1
5673,4,69,1027,2590,-140,700,1,1,1
5693,2,68,1026,2660,140,1820,1,1,1
5713,33,31,1029,2730,560,1540,1,1,1
5733,-15,85,1028,2590,0,-770,1,1,1
5753,-15,83,1027,2520,-140,-490,1,1,1
5773,0,72,1027,2520,-210,-70,1,1,1
5793,-4,69,1029,2520,-350,1190,1,1,1
5813,0,71,1029,2590,-280,1750,1,1,1
5833,-21,78,1028,2660,-420,-1190,1,1,1
5853,-27,71,1029,2520,-490,-6510,1,1,1
5873,12,62,1027,2590,-70,-980,1,1,1
5893,3,69,1028,2590,-280,2030,1,1,1
5913,-1,59,1027,2590,-350,2100,1,1,1
5933,-7,73,1033,2730,140,840,1,1,1
5953,5,71,1027,2660,-140,-3780,1,1,1
5973,11,49,1025,2800,-140,-2590,1,1,1
5993,-4,72,1025,3080,420,2660,1,1,1
6013,19,58,1022,3430,910,6300,1,1,1
6033,7,97,1000,3570,2450,11620,1,1,1
6053,-16,85,1023,4270,4900,12250,1,1,1
6073,-18,57,1027,3360,3290,6440,1,1,1
6093,-2,67,1031,2450,630,1960,1,1,1
6113,-16,62,1029,2590,-560,3500,1,1,1
6133,31,111,1022,2590,-2310,4060,1,1,1
6153,-28,73,1030,2520,-3500,3780,1,1,1
6173,10,78,1029,2590,-3080,1120,1,1,1
6193,5,72,1029,2520,-1190,420,1,1,1
6213,0,66,1029,2520,-630,1400,1,1,1
6233,6,61,1027,2590,-280,1890,1,1,1
6253,-1,64,1030,2450,-490,1960,1,1,1
6273,-3,78,1026,2450,-420,2870,1,1,1
6293,-3,78,1029,2660,-70,6720,1,1,1
6313,3,77,1026,2800,280,5950,1,1,1
6333,-20,87,1026,2870,420,6300,1,1,1
6353,-3,66,1029,3080,700,6650,1,1,1
6373,18,78,1026,3080,630,5460,1,1,1
6393,-18,64,1030,2940,4340,4270,1,1,1
6413,-44,49,1039,2730,12180,4900,1,1,1
6433,-25,88,1029,2310,15820,4060,1,1,1
6453,33,113,1036,2660,17220,3430,1,1,1
6473,8,74,1051,4130,18550,910,1,1,1
6493,-58,92,1137,8960,28350,-6650,1,1,1
6513,-70,91,1061,12040,6510,-140,1,1,1
6533,-27,123,1110,25410,-14350,12320,1,1,1
6553,-40,58,1108,32270,-21980,17640,1,1,1
6573,-68,35,868,43330,-30030,21980,1,1,1
6593,79,160,1153,45220,-31850,21210,1,1,1
6613,19,150,1071,23940,-5670,14140,1,1,1
6633,26,82,1049,49210,-9800,11900,1,1,1
6653,9,199,1094,37100,-16940,23310,1,1,1
6673,58,162,979,39830,-11760,24570,1,1,1
6693,123,180,990,39410,-23730,32760,1,1,1
6713,63,199,1044,42490,-12880,25410,1,1,1
6733,49,180,1007,48790,1820,14140,1,1,1
6753,62,233,1038,50330,-5110,17080,1,1,1
6773,-2,238,980,53200,-5880,18340,1,1,1
6793,96,297,929,62090,-3500,17430,1,1,1
6813,95,292,860,73010,-10990,29820,1,1,1
6833,79,310,784,79240,-19040,45990,1,1,1
6853,77,327,818,97790,-15750,34090,1,1,1
6873,53,406,815,134330,-3430,980,1,1,1
6893,49,480,870,164430,17080,-19110,1,1,1
6913,53,580,979,157290,42000,-31570,1,1,1
6933,22,584,952,165620,54600,-27790,1,1,1
6953,12,693,796,214830,45780,-17220,1,1,1
6973,-95,669,708,273560,26740,-560,1,1,1
6993,-66,859,494,310100,23170,8470,1,1,1
7013,34,823,666,243950,9940,11620,1,1,1
7033,-26,820,610,76160,280,3990,1,1,1
7053,64,898,717,-8260,-14560,-10780,1,1,1
7073,-41,798,661,8960,-29750,-5320,1,1,1
7093,-97,729,370,31010,-30450,10850,1,1,1
7113,96,788,509,32830,-8890,21070,1,1,1
7133,62,817,564,-9940,28210,20440,1,1,1
7153,-7,850,603,-22820,50470,-5600,1,1,1
7173,-50,880,692,-26950,44800,-12810,1,1,1
7193,-93,826,690,-18130,28630,-9030,1,1,1
7213,-72,858,610,15680,14140,-2660,1,1,1
7233,-14,729,582,45290,-5040,20230,1,1,1
7253,66,783,513,65380,-14700,29050,1,1,1
7273,72,992,431,124670,-22610,24710,1,1,1
7293,16,961,456,173320,-19390,8400,1,1,1
7313,-52,804,428,88900,-5320,-3080,1,1,1
7333,-86,773,421,-21280,6090,-1330,1,1,1
7353,-6,905,550,-21980,17150,-14000,1,1,1
7373,104,968,466,-31920,23870,-19600,1,1,1
7393,-4,846,534,-8190,6370,140,1,1,1
7413,-77,1036,610,-27650,-4550,-28140,1,1,1
7433,-104,839,623,35280,-27790,17080,1,1,1
7453,44,664,686,156660,-51730,63140,1,1,1
7473,142,968,152,427140,-59010,62020,1,1,1
7493,150,1310,-280,487550,-54110,66500,1,1,1
7513,85,1091,124,190190,-15680,70560,1,1,1
7533,186,906,144,-48300,1610,70910,1,1,1
7553,221,870,59,21840,-3080,80780,1,1,1
7573,134,896,116,2170,3360,43120,1,1,1
7593,167,919,113,2310,630,28140,1,1,1
7613,198,970,113,-3850,-2030,24290,1,1,1
7633,177,1030,122,-3430,-1400,5740,1,1,1
7653,163,975,114,-70,4130,6510,1,1,1
7673,203,886,97,4200,9170,21280,1,1,1
7693,229,897,81,1190,11200,22470,1,1,1
7713,194,973,103,-1610,7350,8120,1,1,1
7733,220,1052,128,-7700,1190,-2170,1,1,1
7753,224,1048,117,-2660,-6160,3710,1,1,1
7773,146,999,150,-1750,-2240,12530,1,1,1
7793,162,925,135,-560,8400,18410,1,1,1
7813,234,939,107,1610,9310,29680,1,1,1
7833,312,958,89,2170,6160,32760,1,1,1
7853,341,1002,92,980,1890,23240,1,1,1
7873,228,1015,150,-1750,-3780,11690,1,1,1
7893,128,928,177,-4200,420,2870,1,1,1
7913,198,978,127,-6930,3360,1470,1,1,1
7933,256,934,113,-5600,9660,17780,1,1,1
7953,238,931,112,-2590,10920,20160,1,1,1
7973,303,912,156,1750,-8610,-3500,1,1,1
7993,172,911,163,-4550,-12950,-17080,1,1,1
8013,261,860,129,-20510,-23380,-42210,1,1,1
8033,253,1094,106,-23870,-32760,-84490,1,1,1
8053,105,1183,168,-31150,-11550,-98210,1,1,1
8073,230,1005,161,-14210,9870,-12180,1,1,1
8093,171,979,171,70,14700,30030,1,1,1
8113,183,1017,158,-280,10430,-3220,1,1,1
8133,193,969,148,3780,7560,-350,1,1,1
8153,143,1021,166,5810,3850,-6300,1,1,1
8173,150,891,153,5110,-1470,-23450,1,1,1
8193,144,965,173,-3360,-3010,-22190,1,1,1
8213,113,968,205,-9940,-3220,-27580,1,1,1
8233,189,1138,135,-8400,-4970,-22400,1,1,1
8253,66,1033,212,-770,-6440,-28350,1,1,1
8273,105,984,182,6790,-1890,-3010,1,1,1
8293,104,953,184,8890,70,11480,1,1,1
8313,127,962,130,6440,-2310,6090,1,1,1
8333,124,954,176,4830,-5250,-3430,1,1,1
8353,206,1106,87,1890,-11060,-4970,1,1,1
8373,98,1195,211,2310,-9660,-5880,1,1,1
8393,58,771,214,980,-6090,-700,1,1,1
8413,140,841,215,14140,-630,29120,1,1,1
8433,195,1287,87,4270,4620,22400,1,1,1
8453,65,641,174,4550,-3010,2800,1,1,1
8473,211,1053,127,2870,-3290,5040,1,1,1
8493,128,915,212,-280,-4550,-17640,1,1,1
8513,133,863,204,-2030,-2520,-8330,1,1,1
8533,165,1128,160,4270,-1610,-5600,1,1,1
8553,96,884,236,2170,490,-280,1,1,1
8573,194,954,111,6790,3010,23450,1,1,1
8593,169,955,157,10080,2870,26880,1,1,1
8613,115,1022,173,3990,1400,16100,1,1,1
8633,64,706,228,7280,-4200,140,1,1,1
8653,194,1063,142,3710,-4550,10990,1,1,1
8673,73,858,204,6930,-6580,-1330,1,1,1
8693,243,955,27,8190,-5180,13650,1,1,1
8713,176,916,148,14560,-280,21210,1,1,1
8733,205,1234,92,-1680,2730,-840,1,1,1
8753,141,790,215,-490,-2590,-8610,1,1,1
8773,158,1108,125,1750,-4200,-7980,1,1,1
8793,68,908,289,-2940,-3010,-6230,1,1,1
8813,103,920,160,0,-5600,-9450,1,1,1
8833,157,1117,94,2310,-2310,9030,1,1,1
8853,127,1102,138,9520,-3710,7840,1,1,1
8873,202,976,115,8050,-3360,13020,1,1,1
8893,142,896,169,11690,-2660,18550,1,1,1
8913,227,1005,124,10570,-1540,6720,1,1,1
8933,149,905,201,6160,1890,11130,1,1,1
8953,150,997,231,5880,-3080,-840,1,1,1
8973,158,1076,127,6230,-6510,-4130,1,1,1
8993,115,1013,132,14070,-7840,10290,1,1,1
9013,131,874,101,17430,-5600,17640,1,1,1
9033,233,998,113,14280,-560,20230,1,1,1
9053,189,953,156,15330,1400,15260,1,1,1
9073,180,982,97,5040,1330,10640,1,1,1
9093,180,949,114,9450,210,7560,1,1,1
9113,201,935,110,10780,5320,10010,1,1,1
9133,220,972,85,10010,10150,13580,1,1,1
9153,253,969,100,11130,14420,12040,1,1,1
9173,230,977,105,8400,15750,19040,1,1,1
9193,182,966,112,8330,12880,21560,1,1,1
9213,174,962,116,11060,7700,17220,1,1,1
9233,213,1001,118,9030,4970,16520,1,1,1
9253,251,980,98,10920,5530,8540,1,1,1
9273,285,975,83,10920,10430,8750,1,1,1
9293,228,984,105,7770,6440,-4900,1,1,1
9313,168,982,126,3150,3850,-12810,1,1,1
9333,195,976,107,3710,3290,-3290,1,1,1
9353,226,978,102,6160,1610,8190,1,1,1
9373,239,976,91,6020,4060,21700,1,1,1
9393,289,988,77,5180,6230,36960,1,1,1
9413,280,990,91,5250,8330,42420,1,1,1
9433,252,990,116,5250,16030,52010,1,1,1
9453,254,922,112,5530,19390,51310,1,1,1
9473,287,942,66,5320,17150,26250,1,1,1
9493,305,877,71,7280,9870,13090,1,1,1
9513,329,946,81,910,8260,23310,1,1,1
9533,297,963,105,-1890,5670,17640,1,1,1
9553,322,990,111,-2660,5600,12460,1,1,1
9573,318,984,103,350,6650,12250,1,1,1
9593,312,953,101,3780,4900,10220,1,1,1
9613,346,950,80,5320,5180,17500,1,1,1
9633,368,929,82,6020,8750,40250,1,1,1
9653,354,941,110,3920,11760,44380,1,1,1
9673,377,942,115,1820,16940,55020,1,1,1
9693,391,910,129,2520,18060,70490,1,1,1
9713,374,910,139,2870,13440,60760,1,1,1
9733,387,921,143,1680,7700,38220,1,1,1
9753,409,916,130,3990,2310,27510,1,1,1
9773,465,901,97,9870,-2030,24430,1,1,1
9793,441,869,99,11480,-280,31220,1,1,1
9813,441,839,106,9380,7280,48020,1,1,1
9833,473,847,121,5810,10990,47740,1,1,1
9853,494,884,137,770,11200,36820,1,1,1
9873,440,891,142,280,7840,27860,1,1,1
9893,432,852,133,3080,490,12810,1,1,1
9913,503,820,103,6370,-2170,17010,1,1,1
9933,478,863,119,5320,-2520,16450,1,1,1
9953,531,911,111,2590,-9380,-420,1,1,1
9973,506,897,118,3360,-11760,9380,1,1,1
9993,481,870,102,5880,-10290,14980,1,1,1
10013,516,858,80,7980,-14840,11760,1,1,1
10033,527,873,92,2030,-13580,10570,1,1,1
10053,501,871,102,-10430,-8820,7770,1,1,1
10073,539,859,111,-18270,-5530,3920,1,1,1
10093,510,831,109,-20580,-5040,6090,0,0,1
10113,500,824,114,-18620,-7210,-1890,0,0,1
10133,540,856,111,-21070,-11900,-10780,0,0,1
10153,528,918,126,-28140,-15260,-21140,0,0,1
10173,484,888,153,-41230,-9800,-17010,0,0,1
10193,457,833,188,-60130,4410,6300,0,0,1
10213,490,791,220,-69930,12810,26040,0,0,1
10233,521,818,238,-58940,11410,26740,0,0,1
10253,550,874,228,-29050,3640,14140,0,0,1
10273,504,852,208,4900,-8050,6090,0,0,1
10293,511,827,183,23030,-13300,9100,0,0,1
10313,528,842,180,19250,-11690,11410,0,0,1
10333,518,836,205,6440,-5250,13440,0,0,1
10353,519,846,207,-5320,-630,6790,0,0,1
10373,534,826,189,-1470,-3290,1610,0,0,1
10393,564,849,178,8610,-6370,5180,0,0,1
10413,522,840,200,7070,-6300,3430,0,0,1
10433,476,817,207,-2030,-4690,-840,0,0,1
10453,525,830,203,-4340,-5390,2030,0,0,1
10473,549,852,195,1470,-3710,4340,0,0,1
10493,524,833,198,2310,-5110,-700,0,0,1
10513,535,850,191,2520,-6440,-2030,0,0,1
10533,527,847,192,4130,-6510,-3500,0,0,1
10553,512,828,189,1190,-6020,-6580,0,0,1
10573,540,815,181,-1540,-4830,-490,0,0,1
10593,508,824,176,-1120,-4760,5950,0,0,1
10613,514,823,186,-1680,-7070,4480,0,0,1
10633,509,814,197,-7770,-8820,3220,0,0,1
10653,589,861,144,-16310,-6510,1750,0,0,1
10673,518,864,181,-20230,-6230,-4340,0,0,1
10693,516,837,129,-1050,7280,9590,0,0,1
10713,531,814,67,27090,32690,28210,0,0,1
10733,591,818,18,80640,24290,48230,0,0,1
10753,598,792,4,126490,0,67690,0,0,1
10773,565,773,38,108990,47740,59290,0,0,1
10793,569,820,56,68600,129990,19320,0,0,1
10813,593,875,54,66640,163380,-22820,0,0,1
10833,589,889,62,94570,156450,-32690,0,0,1
10853,575,860,59,120190,147700,-9170,0,0,1
10873,585,825,30,147910,132090,38640,0,0,1
10893,580,782,16,166530,121800,82460,0,0,1
10913,554,781,48,153020,149590,80710,0,0,1
10933,554,852,74,121800,203840,23030,0,0,1
10953,586,913,69,122430,221130,-37240,0,0,1
10973,612,920,46,158410,187320,-30800,0,0,1
31693,628,1031,-41,-293160,-666960,57960,1,1,1
31713,663,1040,-50,-244650,-674940,28490,1,1,1
31733,715,1151,-29,-218400,-644000,-56700,1,1,1
31753,777,1267,-23,-204960,-600670,-133350,1,1,1
31773,357,-308,145,-182980,-574700,-163660,1,1,1
31793,1612,1997,-1302,2870,-681520,-561050,1,1,1
31813,1049,1997,-145,225540,-750120,-1744820,1,1,1
31833,-883,1444,-77,-241850,182490,-333760,1,1,1
31853,-1081,173,262,-646240,354200,1590960,1,1,1
31873,-108,-542,-161,-407890,-195440,1960210,1,1,1
31893,169,-1282,-223,69230,-529060,1526140,1,1,1
31913,-213,-411,-49,280490,-377790,510720,1,1,1
31933,-641,666,-66,325640,-192710,-748790,1,1,1
31953,-140,1487,-72,389620,-266910,-1555190,1,1,1
31973,734,1997,54,309400,-294000,-1757210,1,1,1
31993,1042,1997,-279,70700,-184450,-1262170,1,1,1
32013,-181,1670,413,-359800,99330,52780,1,1,1
32033,898,58,-166,-464240,73360,1401750,1,1,1
32053,709,547,-542,306390,-604800,1162000,1,1,1
32073,485,724,-317,454160,-606760,-292040,1,1,1
32093,210,718,45,11760,71820,-1015140,1,1,1
32113,279,872,100,-181440,619850,-995960,1,1,1
32133,197,817,132,-142380,680960,-565740,1,1,1
32153,53,695,69,-174790,564480,78610,1,1,1
32173,-42,392,116,-262640,404040,605080,1,1,1
32193,100,-10,131,-274330,226590,843010,1,1,1
32213,310,-100,52,-80640,-28980,764120,1,1,1
32233,473,495,-97,189350,-234920,384790,1,1,1
32253,1019,1591,-406,363510,-345240,-253960,1,1,1
32273,1393,1997,-310,300300,-259560,-850220,1,1,1
32293,802,1997,-76,-118930,312200,-982940,1,1,1
32313,141,1300,204,-376530,787290,-393190,1,1,1
32333,73,272,337,-332080,705950,596120,1,1,1
32353,265,-201,93,-72590,250600,971600,1,1,1
32373,461,238,-300,350140,-225890,609700,1,1,1
32393,592,674,-348,556500,-398300,-100730,1,1,1
32413,394,700,-121,361270,-83790,-639240,1,1,1
32433,405,955,72,58240,456750,-781410,1,1,1
32453,676,1511,200,-51660,758030,-671020,1,1,1
32473,1032,1944,-11,61950,679350,-385630,1,1,1
32493,824,1459,177,249480,437430,67830,1,1,1
32513,363,-1361,1341,259630,387940,463820,1,1,1
32533,1491,1942,-272,358190,223370,353290,1,1,1
32553,1825,1997,37,525280,43330,-206150,1,1,1
32573,680,1513,431,281540,379610,-479150,1,1,1
32593,440,712,189,-87710,610050,-18200,0,0,1
59274,577,754,-341,-28560,11270,-2170,0,0,1
59294,655,777,-273,-1260,9520,7980,0,0,1
59314,597,753,-320,7770,7980,7000,0,0,1
59334,565,761,-235,4760,840,12110,0,0,1
59354,538,788,-226,16030,-700,9940,0,0,1
59374,559,810,-238,13020,490,4900,0,0,1
59394,569,789,-244,-1750,7770,-3710,0,0,1
59414,608,791,-351,-30800,18340,-11340,0,0,1
59434,593,756,-312,-43540,13090,-12040,0,0,1
59454,530,787,-280,-20790,0,-3150,0,0,1
59474,509,783,-239,3150,-7910,8260,0,0,1
59494,531,787,-237,10290,-9240,12110,0,0,1
59514,553,776,-264,-3990,3080,7140,0,0,1
59534,561,781,-264,-14420,9310,280,0,0,1
59554,605,743,-282,-11200,3150,-700,0,0,1
59574,600,780,-263,-7420,-3710,1820,0,0,1
59594,548,810,-183,2310,-6370,3570,0,0,1
59614,581,786,-240,7280,-5390,700,0,0,1
59634,588,766,-264,-6370,-2030,-4340,0,0,1
59654,579,763,-226,-12530,2870,-2870,0,0,1
59674,560,815,-175,-1610,-420,2520,0,0,1
59694,614,793,-244,1610,-2940,3850,0,0,1
59714,566,783,-231,-17780,-1050,-5320,0,0,1
59734,570,790,-234,-23100,4130,-2310,0,0,1
59754,567,787,-225,-12880,1120,-630,0,0,1
59774,558,793,-214,-7700,-4130,-2240,0,0,1
59794,549,787,-189,-3570,-6090,-1190,0,0,1
59814,571,795,-187,1120,-2380,2800,0,0,1
59834,579,800,-206,-8050,2520,280,0,0,1
59854,596,787,-223,-17010,4130,-2730,0,0,1
59874,579,800,-199,-9590,2380,-630,0,0,1
59894,576,807,-203,-210,1820,3570,0,0,1
59914,581,813,-209,3640,-700,2520,0,0,1
59934,573,805,-226,4480,-3150,420,0,0,1
59954,560,815,-212,1820,-1960,-210,0,0,1
59974,570,808,-217,4270,-980,2520,0,0,1
59994,550,808,-221,2450,-560,840,0,0,1
60014,562,810,-223,-3290,1330,490,0,0,1
60034,553,814,-181,-2590,1190,1400,0,0,1
60054,576,800,-193,2730,490,1820,0,0,1
60074,574,801,-194,-2310,1120,-1750,0,0,1
60094,541,785,-164,-11620,2800,-3990,0,0,1
60114,564,797,-197,-17850,1960,-6370,0,0,1
60134,564,805,-196,-20580,280,-6020,0,0,1
60154,571,809,-188,-9870,-1540,-3780,0,0,1
60174,562,810,-143,1820,1540,-1120,0,0,1
60194,578,821,-160,-3430,3780,-3640,0,0,1
60214,548,811,-179,-9240,980,-3850,0,0,1
60234,547,798,-180,-3990,-3010,-2240,0,0,1
60254,519,796,-154,4480,-4060,-140,0,0,1
60274,509,799,-134,7980,-2310,3430,0,0,1
60294,540,774,-122,-4340,-1330,-1540,0,0,1
60314,594,859,-167,-28840,700,-12950,0,0,1
60334,524,851,-157,-42210,3850,-12040,0,0,1
60354,527,835,-137,-38710,7000,-9380,0,0,1
60374,537,855,-107,-38010,5250,-14770,0,0,1
60394,559,847,-77,-43750,-2030,-14070,0,0,1
60414,579,838,-87,-47810,-14630,-7140,0,0,1
60434,569,829,-163,-43400,-18970,2800,0,0,1
60454,518,813,-128,-17150,-10220,19950,0,0,1
60474,530,844,-55,18480,210,23730,0,0,1
60494,527,855,-49,24430,3290,17430,0,0,1
60514,525,827,-85,9030,4900,8890,0,0,1
60534,564,832,-107,-5250,4340,-1190,0,0,1
60554,543,841,-83,-5320,4340,-2240,0,0,1
60574,537,826,-68,-1050,1540,1400,0,0,1
60594,572,830,-58,-2450,-1120,1610,0,0,1
60614,579,828,-74,-10710,-4200,10010,0,0,1
60634,571,830,-57,-24850,-2870,27440,0,0,1
60654,574,829,-64,-42280,-10990,36120,0,0,1
60674,587,834,-59,-56280,-21070,36400,0,0,1
60694,604,821,-52,-54880,-24010,38080,0,0,1
60714,578,798,-79,-44100,-23870,36680,0,0,1
60734,572,805,-51,-26180,-14350,29330,0,0,1
60754,580,812,-14,-1120,-10780,17570,0,0,1
60774,609,810,0,13930,-5460,840,0,0,1
60794,621,803,-10,10010,-3990,-7840,0,0,1
60814,614,800,-39,2590,1190,-5250,0,0,1
60834,595,799,-46,-770,2380,1610,0,0,1
60854,589,795,-33,-350,3290,4760,0,0,1
60874,602,804,-23,1890,4060,2800,0,0,1
60894,607,811,-23,3780,1120,1190,0,0,1
60914,609,830,-21,4130,210,1750,0,0,1
60934,618,824,-29,2520,2030,70,0,0,1
60954,598,816,-37,1260,280,-2170,0,0,1
60974,584,810,-52,560,-490,560,0,0,1
60994,582,813,-35,1120,-420,1120,0,0,1
61014,581,813,-28,5460,140,-210,0,0,1
61034,575,812,-28,6300,-1400,980,0,0,1
85354,252,845,24,-13090,-81060,-47530,1,1,1
85374,454,678,121,-11200,-73990,-55650,1,1,1
85394,439,760,188,-10500,-49280,-72100,1,1,1
85414,281,890,70,-700,-59080,-93240,1,1,1
85434,413,956,-61,14910,-95690,-76160,1,1,1
85454,585,987,-86,42420,-114170,-56000,1,1,1
85474,574,904,12,55580,-97860,-57680,1,1,1
85494,483,926,-13,44240,-63630,-56560,1,1,1
85514,463,882,22,5880,-32130,-39970,1,1,1
85534,583,798,-16,-2380,-1330,1610,1,1,1
85554,678,786,-129,4550,-490,-350,1,1,1
85574,880,904,-222,18130,980,5460,1,1,1
85594,1166,1147,-326,43120,32690,39690,1,1,1
85614,1453,1321,-397,68180,74410,67340,1,1,1
85634,1770,1581,-388,73360,124040,73780,1,1,1
85654,962,849,-94,-49560,155470,79450,1,1,1
85674,189,596,166,-199640,37800,35630,1,1,1
85694,99,429,203,-314580,-75180,-65870,1,1,1
85714,-95,263,192,-314510,-264040,76860,1,1,1
85734,-76,157,66,-192850,-578550,290640,1,1,1
85754,100,203,-30,-34930,-818230,377090,1,1,1
85774,557,671,-124,82390,-889280,300230,1,1,1
85794,1997,1997,-1154,167930,-852950,28350,1,1,1
85814,1928,1997,-404,-129150,-485170,-424270,1,1,1
85834,419,1025,241,-461090,47670,-80990,1,1,1
85854,132,290,183,-99820,-202860,405020,1,1,1
85874,317,233,-113,266910,-576520,537810,1,1,1
85894,391,167,-183,386470,-557900,464100,1,1,1
85914,354,104,-198,290850,-219450,305620,1,1,1
85934,190,51,-55,145180,164150,70490,1,1,1
85954,114,189,99,79170,404320,-180390,1,1,1
85974,281,614,125,184730,370930,-366100,1,1,1
85994,752,1358,-10,370650,168420,-397180,1,1,1
86014,1429,1997,-282,472850,33320,-229320,1,1,1
86034,1091,1995,-126,333060,247520,157150,1,1,1
86054,591,876,41,127680,521010,437570,1,1,1
86074,389,539,54,159460,466620,275520,1,1,1
86094,339,470,-28,286860,329910,52150,1,1,1
86114,264,430,-13,332710,309190,-8330,1,1,1
86134,225,402,-4,311920,356300,35560,1,1,1
86154,169,324,21,269360,398790,129220,1,1,1
86174,126,204,62,214410,427070,202160,1,1,1
86194,116,106,111,186900,401590,189560,1,1,1
86214,182,170,105,218190,306390,60270,1,1,1
86234,317,409,18,310870,156940,-145880,1,1,1
101554,1997,1997,-1840,507360,-799260,331310,1,1,1
101574,-120,1466,375,1325170,-232190,121870,1,1,1
101594,399,1540,150,85750,1319850,-324660,1,1,1
101614,632,1446,-48,245070,975520,-309960,1,1,1
101634,264,464,187,293720,611590,-194880,1,1,1
101654,216,284,130,204190,556500,141610,1,1,1
101674,447,535,-217,405090,256200,14000,1,1,1
101694,298,448,308,590660,-31360,-335370,1,1,1
101714,739,1478,-100,382760,115710,-553490,1,1,1
101734,428,455,195,119280,311990,-349160,1,1,1
101754,903,1399,-185,-50470,455700,157920,1,1,1
101774,567,1090,96,122920,338660,99470,1,1,1
101794,622,1096,-149,-11620,486080,159950,1,1,1
101814,-694,1540,-315,-42770,440720,252280,1,1,1
101834,1252,659,-415,88200,516180,34930,1,1,1
101854,517,803,167,87710,391300,-125580,1,1,1
101874,109,935,20,103600,-4200,-20930,1,1,1
101894,384,953,-222,88830,-125860,65940,1,1,1
101914,552,882,-32,-19530,-266490,17430,1,1,1
101934,582,821,32,-9100,-257320,-12320,1,1,1
101954,340,892,-168,-25200,-177660,-19950,1,1,1
101974,465,852,-184,-1190,-20860,13720,1,1,1
101994,406,893,-154,-30590,16730,-280,1,1,1
102014,444,878,-96,-4900,-14280,-420,1,1,1
102034,476,858,-89,3290,-26600,3850,1,1,1
102054,452,886,-91,6300,-5180,-2100,1,1,1
102074,453,909,-102,6090,14770,-1470,1,1,1
102094,449,901,-122,8610,25340,-210,1,1,1
102114,484,904,-142,12460,35280,-8400,1,1,1
102134,446,915,-111,14980,38150,-15750,1,1,1
102154,418,903,-109,20090,50750,-23800,1,1,1
102174,398,902,-111,18200,61390,-26530,1,1,1
102194,416,890,-107,11550,49700,-16870,1,1,1
102214,400,929,-117,6790,28000,-5530,1,1,1
102234,403,903,-118,1960,10080,-3010,1,1,1
102254,393,901,-109,4760,0,-8680,1,1,1
102274,409,910,-63,7840,2380,-10920,1,1,1
102294,381,896,-70,8750,11550,-10570,1,1,1
102314,410,895,-75,18270,26670,-13020,1,1,1
102334,353,923,-117,24850,41230,-22680,1,1,1
102354,429,904,-115,18760,36820,-21350,1,1,1
102374,362,932,-100,15750,18830,-16660,1,1,1
102394,371,924,-116,14420,12530,-11550,1,1,1
102414,383,916,-103,7910,9800,-6860,1,1,1
102434,385,920,-74,7420,10500,-4270,1,1,1
143381,614,757,-14,5740,-22120,12600,0,0,1
143401,574,786,1,-3850,-770,-8750,0,0,1
143421,550,777,54,-5250,-280,-13580,0,0,1
143441,585,680,-230,-5040,-26180,-7490,0,0,1
143461,532,768,125,-14350,-86870,4060,0,0,1
143481,561,836,126,-9310,-95480,-10080,0,0,1
143501,541,840,129,-84490,-140980,-6790,0,0,1
143521,588,941,61,-137480,-224630,8750,0,0,1
143541,590,940,73,-194880,-241290,4690,0,0,1
143561,533,945,-99,-246050,-309960,52570,0,0,1
143581,514,833,90,-269360,-328440,77980,0,0,1
143601,530,1005,16,-312200,-370720,48720,0,0,1
143621,655,1066,-105,-285320,-497630,39060,0,0,1
143641,574,962,-181,-289870,-497630,53410,0,0,1
143661,419,918,-19,-373730,-370440,27580,0,0,1
143681,383,858,-7,-328860,-390670,-24500,0,0,1
143701,512,992,-193,-232750,-459760,-51940,0,0,1
143721,411,828,-24,-237930,-409920,-27160,0,0,1
143741,339,533,-202,-286930,-353570,50190,0,0,1
143761,76,730,-532,-266280,-324870,70420,0,0,1
143781,578,1287,-688,-73150,-242830,-93030,0,0,1
143801,456,909,-152,71540,28840,-49210,0,0,1
143821,501,832,-50,95480,231490,90860,0,0,1
143841,507,781,67,119070,287840,98560,0,0,1
143861,558,803,56,81830,190470,54110,0,0,1
143881,586,833,-99,11970,22540,11480,0,0,1
143901,621,808,-75,-1820,-32200,6300,0,0,1
143921,601,786,-63,9380,-700,15540,0,0,1
143941,634,785,-96,2450,-7000,17780,0,0,1
143961,606,743,-110,8540,-16170,7420,0,0,1
143981,600,834,-48,17500,6090,5530,0,0,1
144001,575,846,-15,18480,26810,6790,0,0,1
144021,638,883,-61,3570,14840,2310,0,0,1
144041,582,762,5,-19810,-210,3850,0,0,1
144061,573,772,37,-37030,-20090,-3220,0,0,1
144081,587,844,-41,-48020,-66500,-23940,0,0,1
144101,617,873,-106,-57330,-90790,-36260,0,0,1
144121,558,782,-53,-49490,-60410,-23030,0,0,1
144141,565,824,17,-34510,-18620,-5390,0,0,1
144161,555,830,13,-26250,-22750,-4060,0,0,1
144181,509,785,48,-19740,-34790,-7420,0,0,1
144201,607,889,-135,-11760,-52080,-4690,0,0,1
144221,560,793,-78,-13230,-52010,-5740,0,0,1
144241,561,813,-68,-23310,-40950,-7840,0,0,1
144261,558,837,-48,-23520,-37730,-5320,0,0,1
174881,832,1284,32,143920,148470,-150360,1,1,1
174901,857,1244,-29,169400,103250,-177800,1,1,1
174921,703,1093,71,175910,75880,-198380,1,1,1
174941,668,1001,40,190400,71400,-225470,1,1,1
174961,83,256,7,277620,-7630,-304850,1,1,1
174981,1546,1997,-1021,642110,-354830,-860370,1,1,1
175001,1559,1997,-188,583310,-266630,-1277570,1,1,1
175021,-231,-1025,535,583730,199290,-638400,1,1,1
175041,1339,1997,-690,863240,447440,-650300,1,1,1
175061,139,958,-728,695310,1002680,-476770,1,1,1
175081,-1658,388,-119,669060,1527750,-239120,1,1,1
175101,-138,1486,-599,809760,1612660,-771190,1,1,1
175121,846,1997,-298,909860,1072680,-1356600,1,1,1
175141,755,1991,-391,892080,899500,-1074780,1,1,1
175161,706,1997,-92,705180,873460,-709870,1,1,1
175181,889,1924,1679,890750,488110,-503230,1,1,1
175201,560,167,561,582190,357490,116760,1,1,1
175221,596,477,-424,-523180,-32760,338380,1,1,1
175241,383,676,-142,-834260,-286650,313530,1,1,1
175261,641,1154,-201,-744170,-315140,444710,1,1,1
175281,215,1449,-594,-613760,-194250,206290,1,1,1
175301,-1403,1719,404,-591500,-421400,232050,1,1,1
206597,297,774,-44,-515970,-351260,211050,1,1,1
206617,747,1215,-265,-268450,-632170,280490,1,1,1
206637,420,747,-98,-168140,-633500,290850,1,1,1
206657,383,391,-136,-137480,-493080,265580,1,1,1
206677,584,627,-193,28560,-434630,196420,1,1,1
206697,673,885,-157,155890,-280350,15890,1,1,1
206717,556,653,-150,218190,-52850,-65450,1,1,1
206737,515,731,-120,276570,163800,-91910,1,1,1
206757,524,884,-83,339150,336980,-171360,1,1,1
206777,477,858,-19,369110,462770,-206640,1,1,1
206797,488,911,38,371210,517510,-230020,1,1,1
206817,500,914,107,351890,495950,-266490,1,1,1
206837,640,1341,332,299600,418740,-271180,1,1,1
206857,675,1139,529,177170,186130,-356440,1,1,1
206877,737,1010,7,-53620,-165410,-182490,1,1,1
206897,571,958,13,-286580,-346010,22820,1,1,1
206917,471,886,2,-413070,-284340,59220,1,1,1
206937,621,1011,-99,-378840,-344820,119140,1,1,1
206957,514,873,-68,-306530,-390600,183050,1,1,1
206977,537,725,-103,-256060,-358120,206010,1,1,1
206997,570,780,-91,-156520,-331240,214830,1,1,1
207017,569,701,-107,-65520,-254380,140140,1,1,1
207037,542,687,-87,17850,-153440,80710,1,1,1
221457,869,535,55,-44660,25690,75670,1,1,1
221477,852,484,72,-48790,51590,76230,1,1,1
221497,851,472,117,-46830,69230,82950,1,1,1
221517,863,449,152,-42770,74410,99750,1,1,1
221537,864,424,196,-43400,79940,120960,1,1,1
221557,899,368,216,-47880,82530,136920,1,1,1
221577,1191,478,395,-59570,85890,140350,1,1,1
221597,917,167,321,-54880,110670,144760,1,1,1
221617,904,102,406,-11620,137550,143850,1,1,1
221637,932,69,426,63630,134400,133070,1,1,1
221657,946,121,436,133000,112070,114310,1,1,1
221677,874,152,403,200900,84280,92540,1,1,1
221697,905,240,415,251370,66220,98980,1,1,1
221717,843,197,383,267400,65800,114940,1,1,1
221737,867,203,414,262920,79170,121940,1,1,1
221757,930,218,447,253050,99820,134120,1,1,1
221777,911,184,435,252630,108150,151970,1,1,1
221797,948,213,468,259280,123690,166390,1,1,1
221817,862,153,459,263970,151480,177450,1,1,1
221837,867,230,555,263620,189420,187180,1,1,1
221857,697,159,647,254170,235760,193620,1,1,1
221877,683,154,741,212380,256900,206570,1,1,1
221897,589,111,814,163380,239750,189070,1,1,1
221917,558,91,821,115430,227920,151690,1,1,1
221937,489,137,905,74830,193830,135730,1,1,1
221957,494,8,810,58590,177170,121030,1,1,1
221977,449,29,948,24500,156800,90510,1,1,1
221997,367,37,978,16730,179550,70350,1,1,1
222017,316,35,1003,14490,158060,58800,1,1,1
222037,279,46,1031,8190,131670,42490,1,1,1
222057,270,60,1048,2380,101500,23800,1,1,1
222077,279,52,1030,-1890,67970,6020,1,1,1
222097,289,65,997,-490,31150,1120,1,1,1
222117,322,60,968,2100,-560,2030,1,1,1
222137,351,64,940,3290,-16590,3010,1,1,1
222157,346,53,945,3780,-15750,2870,1,1,1
222177,347,60,933,3010,-3080,2800,1,1,1
222197,317,69,937,1470,14280,1470,1,1,1
222217,301,44,963,-700,36680,490,1,1,1
222237,256,58,985,-2590,61320,1120,1,1,1
222257,206,76,1039,-3640,76720,70,1,1,1
222277,162,101,1076,-3780,82250,-1540,1,1,1
222297,189,75,1051,1120,68950,4760,1,1,1
222317,197,69,979,7000,27230,28910,1,1,1
222337,211,31,971,13020,-7350,52570,1,1,1
222357,200,27,998,14420,-4340,57890,1,1,1
222377,202,24,997,12040,19810,49630,1,1,1
222397,101,49,1054,7000,31920,28630,1,1,1
222417,177,56,1011,8610,32480,10360,1,1,1
222437,205,38,990,4340,5740,1960,1,1,1
222457,188,49,1004,-210,-6090,2310,1,1,1
222477,165,66,1018,2590,5670,-420,1,1,1
222497,172,59,1017,2870,10990,-1470,1,1,1
222517,175,55,1009,2310,2590,910,1,1,1
222537,170,58,1003,2380,1470,1330,1,1,1
222557,167,69,1006,2800,3850,770,1,1,1
222577,166,71,1003,3010,6580,2240,1,1,1
222597,160,46,1023,2660,6720,4410,1,1,1
222617,176,67,999,2520,4970,2520,1,1,1
222637,173,54,998,2660,5740,2100,1,1,1
222657,155,52,1021,3850,11480,2170,1,1,1
222677,149,60,1012,4620,12670,420,1,1,1
222697,145,57,1001,4900,13300,980,1,1,1
222717,134,54,1019,4480,13790,140,1,1,1
222737,143,71,1007,5950,15540,-210,1,1,1
222757,151,59,995,4480,15190,-1820,1,1,1
222777,139,43,1006,8120,26600,-210,1,1,1
222797,127,39,996,16030,43610,-1820,1,1,1
222817,116,69,963,25900,68110,-7140,1,1,1
222837,64,94,999,38990,103950,-10640,1,1,1
222857,104,100,831,34020,103390,-13020,1,1,1
222877,-231,134,1357,-12880,5250,-5180,1,1,1
222897,9,92,1012,-4340,2940,2240,1,1,1
222917,8,100,1009,-560,-350,1190,1,1,1
222937,-10,83,1036,-3010,-490,-2660,1,1,1
222957,8,91,1026,-2940,-490,-3010,1,1,1
222977,38,76,1011,840,-70,910,1,1,1
222997,84,68,1013,-5110,-770,-3500,1,1,1
223017,35,140,929,-22890,-2730,-30170,1,1,1
223037,-85,60,989,-10290,-2240,-30520,1,1,1
223057,14,7,1027,1400,-140,-5740,1,1,1
223077,-59,70,1028,2590,-420,3990,1,1,1
223097,30,65,991,2310,140,2730,1,1,1
223117,111,85,1003,2450,-210,-2730,1,1,1
223137,-9,79,1025,2520,560,490,1,1,1
223157,-3,82,1023,2380,140,1820,1,1,1
223177,4,77,1022,2380,-210,1680,1,1,1
223197,54,71,1011,2100,-140,1330,1,1,1
223217,-156,58,1039,910,-1050,-3780,1,1,1
223237,358,109,975,910,-2520,-28630,1,1,1
223257,-45,69,1022,2030,-2310,-33250,1,1,1
223277,94,106,1015,1330,3080,31780,1,1,1
223297,7,101,1030,840,4270,46900,1,1,1
223317,40,106,1038,1190,3990,52220,1,1,1
223337,-24,23,992,1400,4970,56560,1,1,1
223357,-14,-5,1080,1400,4480,60130,1,1,1
223377,-70,22,1033,840,4130,53130,1,1,1
223397,13,28,1024,700,4060,50190,1,1,1
223417,-56,109,1012,630,3150,38640,1,1,1
223437,14,50,1021,1820,3570,43750,1,1,1
223457,-10,56,1031,2030,2660,32690,1,1,1
223477,21,66,1026,1680,1820,23520,1,1,1
223497,11,69,1023,700,1330,17850,1,1,1
223517,1,69,1023,210,630,8120,1,1,1
223537,20,65,1026,700,350,4270,1,1,1
223557,22,59,1027,420,350,5950,1,1,1
223577,14,60,1027,630,490,6160,1,1,1
223597,4,60,1026,560,700,9100,1,1,1
223617,9,60,1026,1050,420,5880,1,1,1
223637,25,48,1027,1680,280,3500,1,1,1
223657,-29,61,1027,1540,2030,27510,1,1,1
223677,-16,49,1028,2310,2870,39410,1,1,1
223697,-38,46,1028,2170,2170,30940,1,1,1
223717,2,64,1024,1960,1260,18270,1,1,1
223737,4,64,1024,1960,420,5670,1,1,1
223757,1,64,1025,2170,70,1190,1,1,1
223777,3,65,1025,2170,0,1260,1,1,1
223797,4,62,1027,2240,-70,1750,1,1,1
223817,5,61,1024,2170,-70,1960,1,1,1
223837,7,59,1024,2240,0,1960,1,1,1
223857,6,59,1024,2240,-140,1960,1,1,1
223877,4,60,1023,2240,-140,1960,1,1,1
223897,1,64,1025,2310,-70,1890,1,1,1
223917,3,62,1024,2380,70,1820,1,1,1
223937,7,61,1026,2450,140,1820,1,1,1
223957,8,61,1026,2450,-70,1960,1,1,1
223977,184,213,819,2450,-140,2030,1,1,1
223997,4,55,1032,-11270,490,10150,1,1,1
224017,6,55,1026,-1820,770,12180,1,1,1
224037,8,55,1021,2940,280,1820,1,1,1
224057,6,52,1005,3640,-70,2030,1,1,1
224077,7,53,1010,2870,-70,2030,1,1,1
224097,7,57,1018,2730,70,1960,1,1,1
224117,6,58,1029,2800,0,2030,1,1,1
224137,63,-430,-124,2730,0,1960,1,1,1
